Date,Email ID,Reviewer Name,Reviewer Country,LinkedIn URL,CLUTCH LINK,Reach-out Message,Reviewer Company,Outsourced Company Name,Service Outsourced,Per Hour Rate,Review Text,linkedin company about ,Reached out from Aditi ,Reached out from Parag,Ex-Google ,Ex-Thoughtworks,Subject,Introductory mail,1st Followup,2nd Followup,Email,gemini_model,generation_error
"April 27, 2026",rita@valize.com,Rita McGrath,USA,https://www.linkedin.com/in/ritamcgrath/,https://clutch.co/go-to-review/173040a5-c421-4506-8883-8b9657233786/2351,"Hi Rita, Leading strategy and innovation at Valize while shaping global thinking on inflection points reflects remarkable clarity of vision. What helped you translate complex innovation frameworks into practical tools that organizations can consistently apply? Looking forward to connecting. Parag Google | Founder SoftwareBrio.com",Valize,Airdev,Custom Software Development,$50-$99/hr,"Airdev partnered with Valize to build a sophisticated innovation tracking solution using the Bubble low-code platform, aimed at addressing the growing complexity organizations face in managing innovation portfolios. Prior to this engagement, the client struggled with tracking innovation programs effectively as they scaled, often relying on fragmented spreadsheets that lacked transparency and strategic alignment. Airdev worked closely with the client through multiple scoping sessions to understand these challenges and translate them into a structured, scalable software solution. The platform they developed allows users to map a portfolio of projects against uncertainty, evaluate strategic strength, and manage project lifecycles through defined checkpoints such as testing and assumption validation. One of the most valuable aspects of the solution is its ability to bring clarity and visibility across an organization’s entire innovation portfolio, something that was previously difficult to achieve. As a result, the client has successfully integrated the software into their existing consulting engagements and is also planning to deploy a simplified version for educational purposes and entrepreneurial use cases. Compared to a previous development partner who took over a year to deliver unusable software, Airdev demonstrated significantly higher effectiveness, delivering a working product that met expectations within a reasonable timeframe. Their strong design sense and ability to interpret high-level ideas into practical features without requiring overly detailed instructions stood out as key strengths. The team maintained a structured project management approach using tools like ClickUp and Usersnap, along with regular biweekly meetings to ensure alignment and progress tracking. While there were minor challenges related to user access configurations that required frontend rework, these issues were resolved collaboratively. Overall, the engagement has been highly successful, with Airdev proving to be a responsive, capable, and reliable development partner that delivers both strategic and technical value.","Rita founded this consultancy and innovation platform in 2016 to help leaders and entrepreneurs navigate inflection points and better see around corners in their own organizations. Her talented team helps C-suite leaders build capabilities at the speed of business through a variety of innovative and diagnostic tools including SparcHub Software, the Valize Learning Hub and its advisory/consulting services.We want to be the company that helps you build a better future for your people, your community, and your investors. 

We uniquely combine three elements to architect the pathway to long-term healthy growth for your organization and your people.

ADVISORY + TOOLS + LEARNING

Our advisory services train your people to master the work of innovation and transformation. Our world-class sets of tools, all based on rigorous research and practical experience, support that process.  Our learning resources make sure that it can scale. They all work together seamlessly.  

Unlike consultants who either do the work for you (so there is little knowledge left behind), we teach your people to do it for themselves.  Many tools used by companies are helpful, but incomplete in critical ways - they don't work on a shared understanding, they don't work together, and they aren't transparent.  Ours are based on a common framework, are designed to work together and provide transparency from place to place in the organization. And educational experiences, while rich and useful, often yield a big impact because they stop at mindset and never get to application. Our learning modules provide a common language and guidance for immediate application.

Let's talk!Build capabilities 
at the 
speed of business
How we add value


SparcHub Software
Track ideas, manage your portfolio and capture what your team is learning.


LearningHub
Short, digestible learning solutions. 


Advisory
Consulting services to build capability for long-term success.


Diagnostic Tools
Measure, learn and accelerate your progress!


LearningHub
Expand your knowledge and acquire new skills with our Impact Guides designed to provide you with a flexible and engaging learning experience.

Start Learning
Evolve with Valize Advisory
Whether navigating emerging technologies, pioneering transformative AI solutions, or adapting to rapidly shifting market dynamics and evolving customer needs, our offerings help you stay ahead of the curve. 

Evolve with Advisory
Early Warnings System
See around corners and spot inflection points on the horizon   


Tripwires 
Anticipatory decisions ahead of Time Zero events    

Scenario Exploration Labs 
Imagine and immerse in future possibilities     

Discovery-Driven Growth 
Learn your way to new strategies      


What if you could upskill everyone in your organization with a hands-on, experiential  way to learn the discovery driven growth method!

SparcHub Software
Check SparcHub

Impact Network  
Unlock Your Le",No,YES,No,No,,,,,rita@valize.com,gemini-2.0-flash,"404 NOT_FOUND. {'error': {'code': 404, 'message': 'This model models/gemini-2.0-flash is no longer available to new users. Please update your code to use a newer model for the latest features and improvements.', 'status': 'NOT_FOUND'}}"
"April 27, 2026",miguel@nicestuffclothing.com,Miguel Angel Huidor,USA,https://www.linkedin.com/in/miguelangelhuidor/,https://clutch.co/go-to-review/173040a5-c421-4506-8883-8b9657233786/11769,"Hi Miguel, Building MYAVA while pushing innovation in virtual retail experiences reflects strong execution in a complex space. What helped you balance speed in launching your MVP with ensuring a reliable and scalable product foundation? Looking forward to connecting. Parag Google | Founder SoftwareBrio.com",MYAVA,Airdev,Custom Software Development,$50-$99/hr,"Airdev partnered with MYAVA, a retail tech startup focused on virtual dressing room experiences, to build and launch their MVP within a constrained budget and timeline. As a company without a technical co-founder, MYAVA required not only development support but also guidance on structuring and managing the product build. Airdev worked closely with the client during the initial scoping phase, refining wireframes and clarifying requirements over a series of collaborative sessions. The scope included developing both a user-facing interface that delivers an interactive virtual try-on experience and a backend dashboard that enables the team to manage orders and platform operations efficiently. The development leveraged Bubble’s low-code framework, combining pre-built templates with custom enhancements to meet specific functional needs. In a second phase, the team extended the product’s capabilities by introducing algorithm automation features for internal calculations, as well as a feedback interface to improve user interaction and insights. The project was executed with a lean team consisting of a project manager and a developer, with the project manager serving as the primary point of contact and maintaining consistent communication throughout the engagement. Airdev demonstrated strong project management practices, using email and scheduled Zoom calls to ensure clarity, alignment, and timely delivery of milestones. The MVP was successfully launched within a few months and quickly began acquiring approximately 150 new users per month, validating both the product concept and execution approach. Additionally, the MVP proved to be an effective tool for investor demonstrations, helping MYAVA communicate its value proposition more clearly. One of the standout aspects of Airdev’s contribution was their ability to deliver substantial value within a limited budget, enabling the startup to achieve a professional and functional product without significant financial strain. While there were minor communication gaps during the scoping phase that led to some rework, these issues were addressed promptly and collaboratively. Overall, Airdev delivered a high-quality MVP, combining technical expertise, responsiveness, and cost efficiency, making them a strong partner for early-stage startups looking to bring their ideas to market. :contentReference[oaicite:0]{index=0}","MYAVA re-imagines the future of shopping through virtual try-on and engaging digital experiences.  I am an apparel industry veteran with over 20 years of experience. I had 10 successful years at PVH/Calvin Klein as VP of Design. Most recently, I received an MBA from MIT and have been very involved in the digital transformation space for apparel brands. I consult on Digital Product Creation (DPC) and Digital Transformation for the apparel industry and have been creating educational programming on this topic for a client. I have experience with CLO, Browzwear, DAZ, Blender, and knowledge in the following DPC areas: digital fabric creation, digital fabric libraries, digital trim libraries, digital pattern libraries, color standards, custom avatar creation, fit data analysis, 3D product creation, 3D settings/lighting, 3D rendering/animation, AR tools, digital workflow tools, 3D merchandising, and virtual showrooms.

DPC brings immense value to brands, not only in operational savings and efficiencies but in truly reducing waste and accelerating sustainability goals on many fronts. Digital Transformation is also more than moving into DPC for prototypes or samples, but is a new business model and workflow that allows for calendar reduction, automation, and more agility based on real-time data to serve consumer needs.

",No,YES,No,No,,,,,miguel@nicestuffclothing.com,gemini-2.0-flash,"404 NOT_FOUND. {'error': {'code': 404, 'message': 'This model models/gemini-2.0-flash is no longer available to new users. Please update your code to use a newer model for the latest features and improvements.', 'status': 'NOT_FOUND'}}"
